;;Total;Check;Utility
Dataset;LowerBound;Value;Value;Value
Adult;true;1050.0;210.0;0.027223087483846768
Adult;false;507233.0;39.0;0.027223087483846768
Cup;true;386224.0;2663.0;0.029004838286968978
Cup;false;4.3724803E7;971.0;0.029004838286968978
Fars;true;22098.0;409.0;0.04323019201173787
Fars;false;3825188.0;184.0;0.04323019201173787
