;;Total;Check;Utility
Dataset;Polygamma;Value;Value;Value
Adult;true;8912.0;146.0;2.399799523491164
Adult;false;23577.0;386.0;2.399799523491164
Cup;true;253442.0;588.0;2.681544811484371
Cup;false;1273849.0;2955.0;2.681544811484371
Fars;true;189077.0;619.0;6.145529859683863
Fars;false;522582.0;2794.0;2.956263317596175
